nota_midi,tempo_inicio,duracao_segundos
69,0.0,0.5
71,0.5,0.5
72,1.0,0.5
76,1.5,0.5
68,2.0,0.5
69,2.5,0.5
65,3.0,2.0
64,5.0,0.5
66,5.5,0.5
68,6.0,0.5
69,6.5,0.5
71,7.0,0.5
74,7.5,0.5
77,8.0,0.5
76,8.5,0.5
74,9.0,0.5
71,9.5,0.5
72,10.0,0.5
69,10.5,0.5
71,11.0,1.0
69,12.0,0.5
71,12.5,0.5
72,13.0,0.5
76,13.5,0.5
68,14.0,0.5
69,14.5,0.5
77,15.0,1.0
76,16.0,1.0
74,17.0,1.0
67,18.0,0.5
69,18.5,0.5
71,19.0,0.5
74,19.5,0.5
66,20.0,0.5
67,20.5,0.5
76,21.0,1.0
74,22.0,1.0
72,23.0,0.5
76,23.5,0.5
79,24.0,0.5
76,24.5,0.5
74,25.0,0.5
72,25.5,0.5
71,26.0,0.5
72,26.5,0.5
67,27.0,1.25
69,28.25,0.25
71,28.5,0.25
72,28.75,0.25
74,29.0,0.25
76,29.25,0.25
77,29.5,0.5
79,30.0,0.25
77,30.25,0.25
76,30.5,0.25
79,30.75,0.25
77,31.0,0.25
76,31.25,0.25
74,31.5,0.25
77,31.75,0.25
76,32.0,0.25
74,32.25,0.25
72,32.5,0.25
76,32.75,0.25
69,33.0,1.5
71,34.5,0.25
72,34.75,0.25
74,35.0,0.25
76,35.25,0.25
77,35.5,0.25
79,35.75,0.25
81,36.0,0.25
79,36.25,0.25
77,36.5,0.25
81,36.75,0.25
79,37.0,0.25
77,37.25,0.25
76,37.5,0.25
79,37.75,0.25
77,38.0,0.25
76,38.25,0.25
74,38.5,0.25
77,38.75,0.25
83,39.0,0.5
84,39.5,0.25
86,39.75,0.25
84,40.0,0.25
83,40.25,0.25
81,40.5,0.25
79,40.75,0.25
77,41.0,0.25
76,41.25,0.25
77,41.5,0.25
74,41.75,0.25
76,42.0,0.5
74,42.5,0.25
72,42.75,0.25
79,43.0,0.5
81,43.5,0.5
76,44.0,0.5
74,44.5,0.25
72,44.75,0.25
72,45.0,3.0
